{"loss": [1.074048399925232, 0.6384758949279785, 0.5455878376960754, 0.460794061422348, 0.4181275963783264, 0.3783767521381378, 0.3542582392692566, 0.30953195691108704, 0.2749544084072113, 0.26348215341567993], "accuracy": [0.559299647808075, 0.733894944190979, 0.7760158777236938, 0.8111991882324219, 0.825074315071106, 0.8453914523124695, 0.8567888736724854, 0.8723158240318298, 0.8860257863998413, 0.8883382678031921], "val_loss": [0.7253540754318237, 0.6047466397285461, 0.5286741256713867, 0.4524920582771301, 0.4808196425437927, 0.4891595244407654, 0.4740101993083954, 0.46478208899497986, 0.45542874932289124, 0.5238578915596008], "val_accuracy": [0.7048611044883728, 0.7371031641960144, 0.783730149269104, 0.8015872836112976, 0.7966269850730896, 0.7986111044883728, 0.7941468358039856, 0.8125, 0.807539701461792, 0.7996031641960144]}